{"_runtime":14.4635356,"_step":20,"evaluation_accuracy":0.8191489361702128,"evaluation_loss":0.49546364228520434,"Confusion Matrix":{"_type":"html-file","sha256":"6c0440adcb5efde34290205351ad634c1c3b9129894ec70c600881400eaf60b5","size":4672659,"path":"media/html/Confusion Matrix_20_6c0440adcb5efde34290.html"},"Training_Loss":0.45929659127299355,"epoch":4,"_timestamp":1.7414562915816796e+09,"Training_Accuracy":0.8366595082938388,"_wandb":{"runtime":14}}