{"epoch": 4, "evaluation_accuracy": 0.8716755319148937, "_timestamp": 1741454908.8277907, "_runtime": 37.97918772697449, "_step": 20, "evaluation_loss": 0.35904487591671236, "Training_Loss": 0.31513799222264954, "Training_Accuracy": 0.8827199348341233, "Confusion Matrix": {"_type": "html-file", "sha256": "2a0bc206cedf0b74b527d9b8bebe5837fbbdca159728779daba7a7c585a9163b", "size": 4672653, "path": "media/html/Confusion Matrix_20_2a0bc206cedf0b74b527.html"}, "_wandb": {"runtime": 37}}