{"epoch": 4, "evaluation_accuracy": 0.9464760638297872, "_timestamp": 1741097235.4518526, "_runtime": 24.283801555633545, "_step": 19, "evaluation_loss": 0.17198051949273982, "Training_Loss": 0.16334020844132213, "Training_Accuracy": 0.9506627665876777, "_wandb": {"runtime": 23}}