{"epoch": 4, "evaluation_accuracy": 0.8633643617021277, "_timestamp": 1741455782.5426328, "_runtime": 33.406890869140625, "_step": 20, "evaluation_loss": 0.3673394417973002, "Training_Loss": 0.32015238283099645, "Training_Accuracy": 0.8809241706161137, "Confusion Matrix": {"_type": "html-file", "sha256": "3d193709db6cf98bc858a40e9b18634e3a150d07eb1ebffdab2aa9a07c73435c", "size": 4672655, "path": "media/html/Confusion Matrix_20_3d193709db6cf98bc858.html"}, "_wandb": {"runtime": 32}}