{"evaluation_accuracy":0.09753184713375797,"Training_Loss":19134.374189089667,"_wandb":{"runtime":20},"_timestamp":1.7410474540613682e+09,"_runtime":16.9294557,"_step":4,"epoch":3}