{"epoch": 4, "evaluation_accuracy": 0.863530585106383, "_timestamp": 1741453289.9750662, "_runtime": 40.23232913017273, "_step": 20, "evaluation_loss": 0.35794750116423907, "Training_Loss": 0.36510304525324344, "Training_Accuracy": 0.8679835604265402, "Confusion Matrix": {"_type": "html-file", "sha256": "e07b448e06dd2018f826a6daee72cf79933de39b38d2b720c458896d9cc56bfd", "size": 4672656, "path": "media/html/Confusion Matrix_20_e07b448e06dd2018f826.html"}, "_wandb": {"runtime": 39}}