{"epoch": 4, "evaluation_accuracy": 0.878158244680851, "_timestamp": 1741453820.953704, "_runtime": 34.27934813499451, "_step": 20, "evaluation_loss": 0.3229681501180043, "Training_Loss": 0.3116116867622521, "Training_Accuracy": 0.8846452902843602, "Confusion Matrix": {"_type": "html-file", "sha256": "f14ed47222d5285f97fd75926e2c84482581f0bafca5e8be886895afb90daa64", "size": 4672655, "path": "media/html/Confusion Matrix_20_f14ed47222d5285f97fd.html"}, "_wandb": {"runtime": 33}}