{"epoch": 4, "evaluation_accuracy": 0.847905585106383, "_timestamp": 1741452806.3787315, "_runtime": 31.33788752555847, "_step": 20, "evaluation_loss": 0.4040148367880628, "Training_Loss": 0.3942772364377521, "Training_Accuracy": 0.8595416172985783, "Confusion Matrix": {"_type": "html-file", "sha256": "298cf207c1c97e3d2594434d84d7e4fb6d04a1ad415acdea5f7fdcf6bd7bc816", "size": 4672658, "path": "media/html/Confusion Matrix_20_298cf207c1c97e3d2594.html"}, "_wandb": {"runtime": 30}}