{"epoch": 4, "evaluation_accuracy": 0.8638630319148937, "_timestamp": 1741453880.5646899, "_runtime": 35.737828969955444, "_step": 20, "evaluation_loss": 0.35562978812844726, "Training_Loss": 0.32253858315405154, "Training_Accuracy": 0.8784989632701422, "Confusion Matrix": {"_type": "html-file", "sha256": "5388f3a92562ed9fcfe328c67c065c46b2808283772eebbf6d1367ffedbb55de", "size": 4672651, "path": "media/html/Confusion Matrix_20_5388f3a92562ed9fcfe3.html"}, "_wandb": {"runtime": 35}}