{"epoch": 4, "evaluation_accuracy": 0.2249002659574468, "_timestamp": 1741105349.943202, "_runtime": 13.627711057662964, "_step": 19, "evaluation_loss": 15.968411363519857, "Training_Loss": 16.12671037424388, "Training_Accuracy": 0.21725044431279622, "_wandb": {"runtime": 12}}