{"epoch": 4, "evaluation_accuracy": 0.8753324468085106, "_timestamp": 1741454478.4359114, "_runtime": 34.90570330619812, "_step": 20, "evaluation_loss": 0.34443217752657684, "Training_Loss": 0.2998500870041189, "Training_Accuracy": 0.8882553317535545, "Confusion Matrix": {"_type": "html-file", "sha256": "14f37f15d97bcaffb158f9079bdd8021f0d7289f29e39e214253d2b64149601b", "size": 4672649, "path": "media/html/Confusion Matrix_20_14f37f15d97bcaffb158.html"}, "_wandb": {"runtime": 34}}