{"epoch": 4, "evaluation_accuracy": 0.8768284574468085, "_timestamp": 1741455850.983509, "_runtime": 38.194642066955566, "_step": 20, "evaluation_loss": 0.3369530310080667, "Training_Loss": 0.29897268013747413, "Training_Accuracy": 0.8895697571090048, "Confusion Matrix": {"_type": "html-file", "sha256": "db540cd34004e2419be6ee473151363f28bc75704c3bc7ced2f082237254abdc", "size": 4672655, "path": "media/html/Confusion Matrix_20_db540cd34004e2419be6.html"}, "_wandb": {"runtime": 37}}