{"epoch": 4, "evaluation_accuracy": 0.8567154255319149, "_timestamp": 1741452864.869617, "_runtime": 36.283852100372314, "_step": 20, "evaluation_loss": 0.38449706386857174, "Training_Loss": 0.3813439011074239, "Training_Accuracy": 0.8621149289099526, "Confusion Matrix": {"_type": "html-file", "sha256": "58448890637b019321c369cfae19504b9bb67285b3a1d64c71edd03d40c0c41b", "size": 4672658, "path": "media/html/Confusion Matrix_20_58448890637b019321c3.html"}, "_wandb": {"runtime": 35}}