{"evaluation_accuracy":0.8651928191489362,"Training_Accuracy":0.904583827014218,"_step":40,"epoch":9,"_timestamp":1.741451269224754e+09,"_runtime":20.4430502,"evaluation_loss":0.3751556521982686,"_wandb":{"runtime":20},"Confusion Matrix":{"sha256":"82384e2008caf926b707ad26a42bd09834d4febc4f83f4180598424dc1d29518","size":4672655,"path":"media/html/Confusion Matrix_40_82384e2008caf926b707.html","_type":"html-file"},"Training_Loss":0.2594741786797116}