{"epoch": 4, "evaluation_accuracy": 0.8768284574468085, "_timestamp": 1741453660.3053226, "_runtime": 22.749794721603394, "_step": 20, "evaluation_loss": 0.32285801738064035, "Training_Loss": 0.32667609356521876, "Training_Accuracy": 0.880368779620853, "Confusion Matrix": {"_type": "html-file", "sha256": "a85b1182d3831ba4a2741c4ad5de938d8be90b187643ec28d465f4d816abe9ae", "size": 4672657, "path": "media/html/Confusion Matrix_20_a85b1182d3831ba4a274.html"}, "_wandb": {"runtime": 22}}