{"epoch": 4, "evaluation_accuracy": 0.9237034574468085, "_timestamp": 1741101406.5210946, "_runtime": 20.912331581115723, "_step": 19, "evaluation_loss": 0.23256634688084937, "Training_Loss": 0.24501057753922212, "Training_Accuracy": 0.9284841528436019, "_wandb": {"runtime": 20}}