{"evaluation_accuracy":0.5626662234042553,"Training_Accuracy":0.5646104857819905,"_wandb":{"runtime":24},"_timestamp":1.7414506683866844e+09,"_step":47,"_runtime":23.8320633,"epoch":11,"Training_Loss":1.090893580997536,"evaluation_loss":1.0385830763422488}