{"epoch": 4, "evaluation_accuracy": 0.8603723404255319, "_timestamp": 1741455528.554519, "_runtime": 40.194716930389404, "_step": 20, "evaluation_loss": 0.37645775769208417, "Training_Loss": 0.3618271745852994, "Training_Accuracy": 0.8695756812796208, "Confusion Matrix": {"_type": "html-file", "sha256": "2289e0719ab2a34583449c365b75fa565caf90a5742cde1d84e98780c07c1385", "size": 4672656, "path": "media/html/Confusion Matrix_20_2289e0719ab2a3458344.html"}, "_wandb": {"runtime": 39}}