{"epoch": 4, "evaluation_accuracy": 0.8585438829787234, "_timestamp": 1741456410.178549, "_runtime": 40.20636510848999, "_step": 20, "evaluation_loss": 0.3957220988709027, "Training_Loss": 0.3735861407104952, "Training_Accuracy": 0.8650214751184834, "Confusion Matrix": {"_type": "html-file", "sha256": "d8c04599e5a033e53ddf337c94d7d71f05d8489409c85a718f3b45f9c1f2473c", "size": 4672659, "path": "media/html/Confusion Matrix_20_d8c04599e5a033e53ddf.html"}, "_wandb": {"runtime": 39}}