{"epoch": 4, "evaluation_accuracy": 0.9085771276595744, "_timestamp": 1741094590.6275187, "_runtime": 13.741148710250854, "_step": 19, "evaluation_loss": 0.29583401545967003, "Training_Loss": 0.30288618798306277, "Training_Accuracy": 0.9104524585308057, "_wandb": {"runtime": 12}}