{"Training_Accuracy":0.8412322274881516,"_step":20,"Training_Loss":0.4436049551995318,"_wandb":{"runtime":11},"evaluation_accuracy":0.8392619680851063,"Confusion Matrix":{"size":4672660,"path":"media/html/Confusion Matrix_20_53e3b53adb881089b332.html","_type":"html-file","sha256":"53e3b53adb881089b3323fd2c77e5cdf31c37880c5e27272f5eb0efa9873b492"},"epoch":4,"_timestamp":1.7414545167445612e+09,"_runtime":11.1863872,"evaluation_loss":0.44560282308304877}