{"epoch": 4, "evaluation_accuracy": 0.8532247340425532, "_timestamp": 1741456339.2934878, "_runtime": 39.416852712631226, "_step": 20, "evaluation_loss": 0.39297729657641295, "Training_Loss": 0.38950049868956377, "Training_Accuracy": 0.8607079383886256, "Confusion Matrix": {"_type": "html-file", "sha256": "126b1d7f5f6c38e7ea909891b388a9c7ceb3b2b0ed1c1f9e692d9488afd41ec6", "size": 4672657, "path": "media/html/Confusion Matrix_20_126b1d7f5f6c38e7ea90.html"}, "_wandb": {"runtime": 38}}