{"epoch": 4, "evaluation_accuracy": 0.8668550531914894, "_timestamp": 1741454972.640864, "_runtime": 38.44633984565735, "_step": 20, "evaluation_loss": 0.3495039937852283, "Training_Loss": 0.31188974404978914, "Training_Accuracy": 0.8853487855450237, "Confusion Matrix": {"_type": "html-file", "sha256": "7a9ba2109b9314d0754aff167cb57261ed597e78aca302d2b3a0b0634fe6e0ee", "size": 4672656, "path": "media/html/Confusion Matrix_20_7a9ba2109b9314d0754a.html"}, "_wandb": {"runtime": 37}}