{"epoch": 4, "evaluation_accuracy": 0.874501329787234, "_timestamp": 1741453048.427885, "_runtime": 33.50223398208618, "_step": 20, "evaluation_loss": 0.3448861560963836, "Training_Loss": 0.30907026919244146, "Training_Accuracy": 0.8862744372037915, "Confusion Matrix": {"_type": "html-file", "sha256": "0770eff9bc69684ff2f78ceaeaeb2e6ab682e8d6f01fc650767826f2b8d6d0fa", "size": 4672661, "path": "media/html/Confusion Matrix_20_0770eff9bc69684ff2f7.html"}, "_wandb": {"runtime": 32}}