{"epoch": 4, "evaluation_accuracy": 0.8620345744680851, "_timestamp": 1741453983.8745134, "_runtime": 32.04526948928833, "_step": 20, "evaluation_loss": 0.38597299692048853, "Training_Loss": 0.3911626813271118, "Training_Accuracy": 0.8599118779620853, "Confusion Matrix": {"_type": "html-file", "sha256": "b3fdcf3e160aa52072277908570caf2be47c247fd5abc7071d6b506ecc12e13a", "size": 4672657, "path": "media/html/Confusion Matrix_20_b3fdcf3e160aa5207227.html"}, "_wandb": {"runtime": 31}}