{"_runtime":58.8585951,"evaluation_loss":0.3651829144980759,"evaluation_accuracy":0.8848071808510638,"_timestamp":1.7414510858099153e+09,"Confusion Matrix":{"_type":"html-file","sha256":"e96d1a496fe4a38919579020914f5fa94c3a8cc535208d3d386791698ac6660d","size":4672652,"path":"media/html/Confusion Matrix_80_e96d1a496fe4a3891957.html"},"Training_Loss":0.21163716335449612,"_wandb":{"runtime":58},"epoch":19,"Training_Accuracy":0.9194127665876777,"_step":80}