{"epoch": 0, "evaluation_accuracy": 0.060410031847133755, "_timestamp": 1740229400.1290722, "_runtime": 8.979487180709839, "_step": 0, "_wandb": {"runtime": 34}}