{"epoch": 4, "evaluation_accuracy": 0.8686835106382979, "_timestamp": 1741456033.911291, "_runtime": 29.243522882461548, "_step": 20, "evaluation_loss": 0.3512336724958283, "Training_Loss": 0.3378295881485287, "Training_Accuracy": 0.8746482523696683, "Confusion Matrix": {"_type": "html-file", "sha256": "f896313babe652786b7ddda65f9006f0661ac57e5ba8b866a91e3e3bc8db93ad", "size": 4672665, "path": "media/html/Confusion Matrix_20_f896313babe652786b7d.html"}, "_wandb": {"runtime": 28}}