{"Training_Accuracy":0.8589677132701422,"_runtime":48.1624681,"_step":80,"Confusion Matrix":{"path":"media/html/Confusion Matrix_80_a0f15d2af92aa50c7d8e.html","_type":"html-file","sha256":"a0f15d2af92aa50c7d8e8893758ec1648fbf852231712d9853ab9187f1100958","size":4672661},"evaluation_loss":0.5478882961177105,"Training_Loss":0.3991500788892342,"_wandb":{"runtime":48},"evaluation_accuracy":0.8326130319148937,"epoch":19,"_timestamp":1.741450884725371e+09}