{"epoch": 4, "evaluation_accuracy": 0.9451462765957447, "_timestamp": 1741102314.02149, "_runtime": 18.068750143051147, "_step": 19, "evaluation_loss": 0.1727714612021624, "Training_Loss": 0.1379270971285593, "Training_Accuracy": 0.9581790580568721, "_wandb": {"runtime": 17}}