{"epoch": 4, "evaluation_accuracy": 0.8776595744680851, "_timestamp": 1741454304.4402869, "_runtime": 37.769696950912476, "_step": 20, "evaluation_loss": 0.34079595972625476, "Training_Loss": 0.33689392644377764, "Training_Accuracy": 0.8761107819905213, "Confusion Matrix": {"_type": "html-file", "sha256": "564d47349ba6b2786ed714deb1a3546c1dcede3fde7733349358188417266e65", "size": 4672663, "path": "media/html/Confusion Matrix_20_564d47349ba6b2786ed7.html"}, "_wandb": {"runtime": 37}}