{"epoch": 4, "evaluation_accuracy": 0.20079787234042554, "_timestamp": 1741456462.2930217, "_runtime": 23.6451256275177, "_step": 20, "evaluation_loss": 16.549447612160538, "Training_Loss": 16.621916196490954, "Training_Accuracy": 0.19786729857819904, "Confusion Matrix": {"_type": "html-file", "sha256": "bd1d0fdfb1ff63f5e23b9458c7397b6d7610a88f1ed2e53243acde41c749c5d2", "size": 4672636, "path": "media/html/Confusion Matrix_20_bd1d0fdfb1ff63f5e23b.html"}, "_wandb": {"runtime": 22}}