{"epoch": 4, "evaluation_accuracy": 0.5329122340425532, "_timestamp": 1741102571.673841, "_runtime": 24.124605894088745, "_step": 19, "evaluation_loss": 9.634733307635726, "Training_Loss": 9.942371975120071, "Training_Accuracy": 0.5193646327014217, "_wandb": {"runtime": 23}}