{"epoch": 4, "evaluation_accuracy": 0.8357712765957447, "_timestamp": 1741093831.5152516, "_runtime": 21.251644611358643, "_step": 19, "evaluation_loss": 0.6094521031764607, "Training_Loss": 0.6330722896103335, "Training_Accuracy": 0.8277547393364929, "_wandb": {"runtime": 20}}