{"epoch": 4, "evaluation_accuracy": 0.8736702127659575, "_timestamp": 1741454236.5370708, "_runtime": 39.456936836242676, "_step": 20, "evaluation_loss": 0.34122479262232774, "Training_Loss": 0.31243226522996703, "Training_Accuracy": 0.8845527251184834, "Confusion Matrix": {"_type": "html-file", "sha256": "88d8024051a7ffb16884fe5285510e1ad6a522f9319dc801ca6f19e69d08bc3a", "size": 4672654, "path": "media/html/Confusion Matrix_20_88d8024051a7ffb16884.html"}, "_wandb": {"runtime": 38}}