{"_runtime":16.7672754,"Training_Loss":0.9067006186440866,"_wandb":{"runtime":16},"Training_Accuracy":0.21634330568720378,"Confusion Matrix":{"_type":"html-file","sha256":"7c4fc4ead2e7f56f95a30c92891c6b86ed52e8bbadbc1b9325e319384c8134a7","size":4672680,"path":"media/html/Confusion Matrix_20_7c4fc4ead2e7f56f95a3.html"},"evaluation_loss":0.9055312780699463,"_step":20,"_timestamp":1.7414566034036863e+09,"epoch":4,"evaluation_accuracy":0.21642287234042554}