{"_wandb":{"runtime":76},"Confusion Matrix":{"size":4672651,"path":"media/html/Confusion Matrix_120_fd9b61dd016f845bde71.html","_type":"html-file","sha256":"fd9b61dd016f845bde71f8ef1fae969a4919b4a6e8cbbd5c18c83ea7f446ae65"},"Training_Loss":0.17560212621800433,"epoch":29,"evaluation_loss":0.4667945352095642,"evaluation_accuracy":0.8779920212765957,"Training_Accuracy":0.9330013329383886,"_step":120,"_timestamp":1.7414511840308597e+09,"_runtime":76.2327319}