{"epoch": 4, "evaluation_accuracy": 0.8643617021276596, "_timestamp": 1741453556.2174919, "_runtime": 38.679133892059326, "_step": 20, "evaluation_loss": 0.3814760475802512, "Training_Loss": 0.38733485821985564, "Training_Accuracy": 0.8615225118483413, "Confusion Matrix": {"_type": "html-file", "sha256": "7ad6b8c394fa6309990a4617ace494fffc93dc12f63eb6352aaa04356ece901a", "size": 4672664, "path": "media/html/Confusion Matrix_20_7ad6b8c394fa6309990a.html"}, "_wandb": {"runtime": 37}}