{"_timestamp":1.7410510183309877e+09,"_runtime":191.1302417,"_step":85,"Training_Loss":150.24223187141206,"_wandb":{"runtime":191},"epoch":77,"evaluation_accuracy":0.942078025477707}