{"epoch": 4, "evaluation_accuracy": 0.8578789893617021, "_timestamp": 1741454356.0166256, "_runtime": 24.49541664123535, "_step": 20, "evaluation_loss": 0.3892554746883685, "Training_Loss": 0.34053684678933416, "Training_Accuracy": 0.8737966528436019, "Confusion Matrix": {"_type": "html-file", "sha256": "a22dfb5f7996929edb85370cbe2927c1f44bec252e2ef2dbeac7b1cc9ac15ada", "size": 4672655, "path": "media/html/Confusion Matrix_20_a22dfb5f7996929edb85.html"}, "_wandb": {"runtime": 23}}