{"epoch": 4, "evaluation_accuracy": 0.8585438829787234, "_timestamp": 1741454172.3763332, "_runtime": 28.851145267486572, "_step": 20, "evaluation_loss": 0.4091264740817773, "Training_Loss": 0.4015901567305953, "Training_Accuracy": 0.8554317239336493, "Confusion Matrix": {"_type": "html-file", "sha256": "9ce03e90071835f6854804c17165043b41e8d744577a16ae123a129114e75fd0", "size": 4672655, "path": "media/html/Confusion Matrix_20_9ce03e90071835f68548.html"}, "_wandb": {"runtime": 28}}