{"epoch": 4, "evaluation_accuracy": 0.8425864361702128, "_timestamp": 1741456974.3402588, "_runtime": 29.504522800445557, "_step": 20, "evaluation_loss": 0.4347696902560774, "Training_Loss": 0.4243633795422688, "Training_Accuracy": 0.8466380331753555, "Confusion Matrix": {"_type": "html-file", "sha256": "3e8ff2bdb6ab0c76754331330b0eddc57c7ef6353ef6ed898969c450eb72bc4b", "size": 4672658, "path": "media/html/Confusion Matrix_20_3e8ff2bdb6ab0c767543.html"}, "_wandb": {"runtime": 28}}