{"epoch": 4, "evaluation_accuracy": 0.8756648936170213, "_timestamp": 1741455032.8251095, "_runtime": 35.115498542785645, "_step": 20, "evaluation_loss": 0.3311407823056055, "Training_Loss": 0.3340899149776271, "Training_Accuracy": 0.8778324940758294, "Confusion Matrix": {"_type": "html-file", "sha256": "6d7d2e546d5e0c4480594aa8f863b6859a975226cd66f6e06e26b62a78fabcfd", "size": 4672657, "path": "media/html/Confusion Matrix_20_6d7d2e546d5e0c448059.html"}, "_wandb": {"runtime": 34}}