{"epoch": 4, "evaluation_accuracy": 0.09773936170212766, "_timestamp": 1741452629.824723, "_runtime": 39.81561207771301, "_step": 20, "evaluation_loss": NaN, "Training_Loss": NaN, "Training_Accuracy": 0.10019253554502369, "Confusion Matrix": {"_type": "html-file", "sha256": "66995391a78bfeee87b5938c67c392e438b9eee1bb36079eafc6cc9695f8a733", "size": 4672635, "path": "media/html/Confusion Matrix_20_66995391a78bfeee87b5.html"}, "_wandb": {"runtime": 39}}