{"epoch": 4, "evaluation_accuracy": 0.8753324468085106, "_timestamp": 1741453612.743599, "_runtime": 30.93004584312439, "_step": 20, "evaluation_loss": 0.34753901023706635, "Training_Loss": 0.33454133220057436, "Training_Accuracy": 0.875314721563981, "Confusion Matrix": {"_type": "html-file", "sha256": "ad65403ae1518742adaaa815a8015781ffc73c556dda889f57b92670165d7eb4", "size": 4672652, "path": "media/html/Confusion Matrix_20_ad65403ae1518742adaa.html"}, "_wandb": {"runtime": 29}}