{"epoch": 4, "evaluation_accuracy": 0.8711768617021277, "_timestamp": 1741455342.7211504, "_runtime": 34.361767292022705, "_step": 20, "evaluation_loss": 0.35162352773948097, "Training_Loss": 0.31000157076263857, "Training_Accuracy": 0.8849785248815166, "Confusion Matrix": {"_type": "html-file", "sha256": "84cf12eb5aaed656236af6b57c56c9969bda6ce3e4633848a37ac7ca026064d7", "size": 4672657, "path": "media/html/Confusion Matrix_20_84cf12eb5aaed656236a.html"}, "_wandb": {"runtime": 33}}