{"epoch": 4, "evaluation_accuracy": 0.8342752659574468, "_timestamp": 1741455091.4008474, "_runtime": 30.091131448745728, "_step": 20, "evaluation_loss": 0.4738501767717226, "Training_Loss": 0.47140813480736615, "Training_Accuracy": 0.8313462677725119, "Confusion Matrix": {"_type": "html-file", "sha256": "84fc5f34ffb3f33bb9630110857bd42353475d937d31d576df9d27511c18e302", "size": 4672663, "path": "media/html/Confusion Matrix_20_84fc5f34ffb3f33bb963.html"}, "_wandb": {"runtime": 29}}