{"epoch": 4, "evaluation_accuracy": 0.8188164893617021, "_timestamp": 1741457079.8685627, "_runtime": 21.423394680023193, "_step": 20, "evaluation_loss": 0.4892730338674899, "Training_Loss": 0.47898684877160513, "Training_Accuracy": 0.82864336492891, "Confusion Matrix": {"_type": "html-file", "sha256": "ef45873fdc852b5c24ef1b904f293ba533c02bce9744d9eea071d6e047e87b35", "size": 4672660, "path": "media/html/Confusion Matrix_20_ef45873fdc852b5c24ef.html"}, "_wandb": {"runtime": 20}}