{"epoch": 4, "evaluation_accuracy": 0.11668882978723404, "_timestamp": 1741102073.6913238, "_runtime": 13.93255877494812, "_step": 19, "evaluation_loss": 2.5248721327596084, "Training_Loss": 2.534843675135248, "Training_Accuracy": 0.12122334123222749, "_wandb": {"runtime": 13}}