{"epoch": 4, "evaluation_accuracy": 0.09690824468085106, "_timestamp": 1741100725.9660597, "_runtime": 19.847161769866943, "_step": 19, "evaluation_loss": NaN, "Training_Loss": NaN, "Training_Accuracy": 0.09885959715639811, "_wandb": {"runtime": 19}}