{"epoch": 4, "evaluation_accuracy": 0.8525598404255319, "_timestamp": 1741455977.0228167, "_runtime": 36.1477746963501, "_step": 20, "evaluation_loss": 0.40307917433295204, "Training_Loss": 0.3923242140418907, "Training_Accuracy": 0.8595416172985783, "Confusion Matrix": {"_type": "html-file", "sha256": "d2a75324e2fbff60a99cdc105156484967d7d455a2066b7a99514760e7002c17", "size": 4672655, "path": "media/html/Confusion Matrix_20_d2a75324e2fbff60a99c.html"}, "_wandb": {"runtime": 32}}