{"epoch": 4, "evaluation_accuracy": 0.8537234042553191, "_timestamp": 1741457210.1491966, "_runtime": 51.136433601379395, "_step": 20, "evaluation_loss": 0.3948564720588327, "Training_Loss": 0.3791742881761758, "Training_Accuracy": 0.8642439277251185, "Confusion Matrix": {"_type": "html-file", "sha256": "4dadeeacd65845ac0a2205cce78611b796e4f4650545212ed8809f95f779e525", "size": 4672658, "path": "media/html/Confusion Matrix_20_4dadeeacd65845ac0a22.html"}, "_wandb": {"runtime": 50}}