{"epoch": 4, "evaluation_accuracy": 0.8578789893617021, "_timestamp": 1741456661.1682804, "_runtime": 35.63469433784485, "_step": 20, "evaluation_loss": 0.3829016628497876, "Training_Loss": 0.3839173800896075, "Training_Accuracy": 0.8627999111374408, "Confusion Matrix": {"_type": "html-file", "sha256": "103ad5ad984b36b5137b85fc83b325e012996c4082ccc8151b68b354c069c056", "size": 4672657, "path": "media/html/Confusion Matrix_20_103ad5ad984b36b5137b.html"}, "_wandb": {"runtime": 35}}