{"epoch": 4, "evaluation_accuracy": 0.8518949468085106, "_timestamp": 1741453218.9628963, "_runtime": 22.960702419281006, "_step": 20, "evaluation_loss": 0.424590440000333, "Training_Loss": 0.417507847732202, "Training_Accuracy": 0.8520438388625592, "Confusion Matrix": {"_type": "html-file", "sha256": "4c3defdb43865a5463c20053a105557dd2e1d99e324661f3b4855b7502a00db4", "size": 4672661, "path": "media/html/Confusion Matrix_20_4c3defdb43865a5463c2.html"}, "_wandb": {"runtime": 22}}