{"epoch": 4, "evaluation_accuracy": 0.8658577127659575, "_timestamp": 1741456597.5955606, "_runtime": 40.361231565475464, "_step": 20, "evaluation_loss": 0.3573839463875304, "Training_Loss": 0.32119258737716566, "Training_Accuracy": 0.8818313092417062, "Confusion Matrix": {"_type": "html-file", "sha256": "8ae6d3ae8cb2d044fef15f907d66c58aba89fa14f4c13673c06e93dc65a499a1", "size": 4672653, "path": "media/html/Confusion Matrix_20_8ae6d3ae8cb2d044fef1.html"}, "_wandb": {"runtime": 39}}