{"epoch": 4, "evaluation_accuracy": 0.8592087765957447, "_timestamp": 1741455916.1446748, "_runtime": 38.61163687705994, "_step": 20, "evaluation_loss": 0.3757858892050506, "Training_Loss": 0.38654759211039724, "Training_Accuracy": 0.8612633293838863, "Confusion Matrix": {"_type": "html-file", "sha256": "373668b1ddc10654b49759dd0178efd38b47df238d84428139016311decb6b48", "size": 4672657, "path": "media/html/Confusion Matrix_20_373668b1ddc10654b497.html"}, "_wandb": {"runtime": 37}}