{"epoch": 0, "evaluation_accuracy": 0.0659944089456869, "_timestamp": 1740229050.5834594, "_runtime": 7.939610481262207, "_step": 0, "_wandb": {"runtime": 16}}