{"epoch": 4, "evaluation_accuracy": 0.5264295212765957, "_timestamp": 1741099057.155599, "_runtime": 18.24942421913147, "_step": 19, "evaluation_loss": 1.606367054905743, "Training_Loss": 1.7599478138886588, "Training_Accuracy": 0.4990002962085308, "_wandb": {"runtime": 17}}