{"epoch": 4, "evaluation_accuracy": 0.9619348404255319, "_timestamp": 1741100561.0293748, "_runtime": 20.133229732513428, "_step": 19, "evaluation_loss": 0.12721242610738287, "Training_Loss": 0.08970644328742947, "Training_Accuracy": 0.9733042061611374, "_wandb": {"runtime": 19}}