{"epoch": 9, "evaluation_accuracy": 0.7942154255319149, "_timestamp": 1741452083.1320033, "_runtime": 27.396905422210693, "_step": 40, "evaluation_loss": 0.5862366914088252, "Training_Loss": 0.5842768199457452, "Training_Accuracy": 0.7927465936018957, "Confusion Matrix": {"_type": "html-file", "sha256": "118bbb6587eec4476e1ab6ce505b8ac2acb5ecd1c2a77ac8cd46ede2dad57295", "size": 4672662, "path": "media/html/Confusion Matrix_40_118bbb6587eec4476e1a.html"}, "_wandb": {"runtime": 26}}