{"epoch": 4, "evaluation_accuracy": 0.8658577127659575, "_timestamp": 1741456529.5863755, "_runtime": 42.50319838523865, "_step": 20, "evaluation_loss": 0.37456397498084093, "Training_Loss": 0.3711863996073608, "Training_Accuracy": 0.8665025177725119, "Confusion Matrix": {"_type": "html-file", "sha256": "dfc575c0b9eb9b4c0b924c2539c049db67ea47a44c984a017ad0730a22683e2e", "size": 4672658, "path": "media/html/Confusion Matrix_20_dfc575c0b9eb9b4c0b92.html"}, "_wandb": {"runtime": 41}}