{"epoch": 4, "evaluation_accuracy": 0.8607047872340425, "_timestamp": 1741452928.9987023, "_runtime": 36.61544418334961, "_step": 20, "evaluation_loss": 0.39219398099295955, "Training_Loss": 0.3764150461853913, "Training_Accuracy": 0.8647067535545023, "Confusion Matrix": {"_type": "html-file", "sha256": "555625f05efbf0ae27d856a8f0ef22b010b0853585c43e85afea7a80012486d2", "size": 4672658, "path": "media/html/Confusion Matrix_20_555625f05efbf0ae27d8.html"}, "_wandb": {"runtime": 35}}