{"epoch": 4, "evaluation_accuracy": 0.8025265957446809, "_timestamp": 1741460985.575942, "_runtime": 31.084924936294556, "_step": 20, "evaluation_loss": 0.5162960382212053, "Training_Loss": 0.532887425120413, "Training_Accuracy": 0.8021512144549763, "Confusion Matrix": {"_type": "html-file", "sha256": "d6edac3d2a62f15a8b6708c740469bca9f569acfc9b6810d41428f12e60510da", "size": 4672665, "path": "media/html/Confusion Matrix_20_d6edac3d2a62f15a8b67.html"}, "_wandb": {"runtime": 30}}