{"epoch": 4, "evaluation_accuracy": 0.8440824468085106, "_timestamp": 1741453926.9173577, "_runtime": 21.992499589920044, "_step": 20, "evaluation_loss": 0.4280901725015113, "Training_Loss": 0.42645010929967353, "Training_Accuracy": 0.8479339454976303, "Confusion Matrix": {"_type": "html-file", "sha256": "43e77f857fd8f039748867888647f1d422de8732ea2876a06e391b041b63a737", "size": 4672655, "path": "media/html/Confusion Matrix_20_43e77f857fd8f0397488.html"}, "_wandb": {"runtime": 21}}