{"epoch": 4, "evaluation_accuracy": 0.8658577127659575, "_timestamp": 1741452988.173222, "_runtime": 36.636545181274414, "_step": 20, "evaluation_loss": 0.3656551031968085, "Training_Loss": 0.3761400082612641, "Training_Accuracy": 0.8643364928909952, "Confusion Matrix": {"_type": "html-file", "sha256": "d29f11bb831dfa79b12f583476abf6304d54b56099d68930b8fbb03fc9d43750", "size": 4672656, "path": "media/html/Confusion Matrix_20_d29f11bb831dfa79b12f.html"}, "_wandb": {"runtime": 35}}