{"epoch": 4, "evaluation_accuracy": 0.8650265957446809, "_timestamp": 1741453430.617735, "_runtime": 47.02587580680847, "_step": 20, "evaluation_loss": 0.37091027382721575, "Training_Loss": 0.35714798756498534, "Training_Accuracy": 0.8696682464454977, "Confusion Matrix": {"_type": "html-file", "sha256": "4cf7ae4fb35481212b2230801db490e5e9bc93f5f3262143dda464f31d1876a3", "size": 4672654, "path": "media/html/Confusion Matrix_20_4cf7ae4fb35481212b22.html"}, "_wandb": {"runtime": 46}}