{"_step":20,"_runtime":17.6326378,"evaluation_loss":0.4036059427662304,"evaluation_accuracy":0.8499002659574468,"Confusion Matrix":{"_type":"html-file","sha256":"bfed65fbb2b6057561b7bde75a9eb9a9885de1f00e138396d361f4b92264dbe3","size":4672653,"path":"media/html/Confusion Matrix_20_bfed65fbb2b6057561b7.html"},"epoch":4,"_timestamp":1.7414510096030717e+09,"_wandb":{"runtime":17},"Training_Loss":0.32154783317689195,"Training_Accuracy":0.8799244668246445}