{"epoch": 4, "evaluation_accuracy": 0.8264627659574468, "_timestamp": 1741453714.5358357, "_runtime": 28.86967968940735, "_step": 20, "evaluation_loss": 0.49224896591290174, "Training_Loss": 0.33066422550301594, "Training_Accuracy": 0.8767772511848341, "Confusion Matrix": {"_type": "html-file", "sha256": "19bc11895ec44594fcbf1b8d526c1fafcab5eb35560f2378058184d5a908f730", "size": 4672651, "path": "media/html/Confusion Matrix_20_19bc11895ec44594fcbf.html"}, "_wandb": {"runtime": 27}}