{"epoch": 4, "evaluation_accuracy": 0.8485704787234043, "_timestamp": 1741454047.1375425, "_runtime": 31.267394542694092, "_step": 20, "evaluation_loss": 0.39013808716037573, "Training_Loss": 0.32361070732642955, "Training_Accuracy": 0.8804983708530806, "Confusion Matrix": {"_type": "html-file", "sha256": "96f2b047fe630747fcfefc44a45a260d86e75c50e1e5f928a9fb0f0ec078d62c", "size": 4672651, "path": "media/html/Confusion Matrix_20_96f2b047fe630747fcfe.html"}, "_wandb": {"runtime": 30}}