{"epoch": 4, "evaluation_accuracy": 0.09857047872340426, "_timestamp": 1741095585.268526, "_runtime": 13.63447618484497, "_step": 19, "evaluation_loss": 2.3568790007879574, "Training_Loss": 2.375240819980332, "Training_Accuracy": 0.10230302132701422, "_wandb": {"runtime": 12}}