{"epoch": 4, "evaluation_accuracy": 0.8834773936170213, "_timestamp": 1741455657.660645, "_runtime": 41.921371936798096, "_step": 20, "evaluation_loss": 0.3309311805239721, "Training_Loss": 0.2938634155375877, "Training_Accuracy": 0.8911618779620853, "Confusion Matrix": {"_type": "html-file", "sha256": "6318a3f85c1c2cb20959cc2e39cf3849ccbf26a416e3277e08dbd272d0d196e1", "size": 4672651, "path": "media/html/Confusion Matrix_20_6318a3f85c1c2cb20959.html"}, "_wandb": {"runtime": 40}}