{"epoch": 4, "evaluation_accuracy": 0.8613696808510638, "_timestamp": 1741453761.837567, "_runtime": 23.09964609146118, "_step": 20, "evaluation_loss": 0.35947638980224444, "Training_Loss": 0.3393666218302424, "Training_Accuracy": 0.8757220082938388, "Confusion Matrix": {"_type": "html-file", "sha256": "796b371b4f4fef1ab93733495f68f7cc97523fa35b1c4c528c967bd3d37827ff", "size": 4672659, "path": "media/html/Confusion Matrix_20_796b371b4f4fef1ab937.html"}, "_wandb": {"runtime": 22}}