{"epoch": 4, "evaluation_accuracy": 0.8500664893617021, "_timestamp": 1741453357.3500218, "_runtime": 37.24445986747742, "_step": 20, "evaluation_loss": 0.40268424707957096, "Training_Loss": 0.38432836075886495, "Training_Accuracy": 0.8615965639810427, "Confusion Matrix": {"_type": "html-file", "sha256": "99f7db9dd5163fc059f02b5e247bdaf8a409b5acc55321935d4420cd1fe93651", "size": 4672655, "path": "media/html/Confusion Matrix_20_99f7db9dd5163fc059f0.html"}, "_wandb": {"runtime": 36}}