{"epoch": 4, "evaluation_accuracy": 0.09142287234042554, "_timestamp": 1741457271.8141081, "_runtime": 36.18355703353882, "_step": 20, "evaluation_loss": 18.82179596617739, "Training_Loss": 18.861145414575876, "Training_Accuracy": 0.08984375, "Confusion Matrix": {"_type": "html-file", "sha256": "dada311dfff4fb17ce40caee198a22d1d6434df4af503518c693b40b78baa2e7", "size": 4672655, "path": "media/html/Confusion Matrix_20_dada311dfff4fb17ce40.html"}, "_wandb": {"runtime": 35}}