{"epoch": 4, "evaluation_accuracy": 0.864029255319149, "_timestamp": 1741456785.7590022, "_runtime": 30.071381092071533, "_step": 20, "evaluation_loss": 0.3597573679876862, "Training_Loss": 0.3535989869583053, "Training_Accuracy": 0.8690758293838863, "Confusion Matrix": {"_type": "html-file", "sha256": "3800a8ab7729054229aff59cc5fe13f5eff0b35ca0f9e1ae030baccaa8a6cbe4", "size": 4672656, "path": "media/html/Confusion Matrix_20_3800a8ab7729054229af.html"}, "_wandb": {"runtime": 29}}