{"epoch": 4, "evaluation_accuracy": 0.8653590425531915, "_timestamp": 1741455154.0797868, "_runtime": 34.262481689453125, "_step": 20, "evaluation_loss": 0.3703603292908813, "Training_Loss": 0.3883331054259856, "Training_Accuracy": 0.8596526954976303, "Confusion Matrix": {"_type": "html-file", "sha256": "fc077d5fa46e4f6657157014a33ae67c81772952c3245734086ba86d030dc0a6", "size": 4672659, "path": "media/html/Confusion Matrix_20_fc077d5fa46e4f665715.html"}, "_wandb": {"runtime": 33}}