{"epoch": 4, "evaluation_accuracy": 0.1848404255319149, "_timestamp": 1741105136.7961402, "_runtime": 19.666863203048706, "_step": 19, "evaluation_loss": 2.421998939120723, "Training_Loss": 2.490644499336342, "Training_Accuracy": 0.18261255924170616, "_wandb": {"runtime": 18}}