{"epoch": 4, "evaluation_accuracy": 0.8582114361702128, "_timestamp": 1741457032.675436, "_runtime": 27.72744607925415, "_step": 20, "evaluation_loss": 0.38003895287777406, "Training_Loss": 0.3547228199120878, "Training_Accuracy": 0.8695941943127962, "Confusion Matrix": {"_type": "html-file", "sha256": "0806c1df937e1c8b70feda3e9cb293f6a3e6ee700de3089a042e146b4e75f8a8", "size": 4672654, "path": "media/html/Confusion Matrix_20_0806c1df937e1c8b70fe.html"}, "_wandb": {"runtime": 27}}