{"_step":80,"evaluation_accuracy":0.8371010638297872,"evaluation_loss":0.4909349360651827,"Training_Loss":0.4886928175465948,"_wandb":{"runtime":43},"_runtime":43.0077556,"_timestamp":1.741450808372377e+09,"epoch":19,"Training_Accuracy":0.8366039691943128,"Confusion Matrix":{"_type":"html-file","sha256":"7d08d6aab06dc4b72d7b08e468300c0c448bcaf309c46e6b8d71005686eeb986","size":4672676,"path":"media/html/Confusion Matrix_80_7d08d6aab06dc4b72d7b.html"}}