{"epoch": 4, "evaluation_accuracy": 0.7230718085106383, "_timestamp": 1741452364.8562505, "_runtime": 50.4062066078186, "_step": 20, "evaluation_loss": 5.700969643011611, "Training_Loss": 5.462000199133966, "Training_Accuracy": 0.7362077902843602, "Confusion Matrix": {"_type": "html-file", "sha256": "ee0d0758bb9b89b69ac309d3954beefa962317cfebb935c3bb381f42ed3506c7", "size": 4672678, "path": "media/html/Confusion Matrix_20_ee0d0758bb9b89b69ac3.html"}, "_wandb": {"runtime": 49}}