{"epoch": 4, "evaluation_accuracy": 0.7957114361702128, "_timestamp": 1741103987.5511606, "_runtime": 23.75490665435791, "_step": 19, "evaluation_loss": 3.943925989057846, "Training_Loss": 3.886916399793778, "Training_Accuracy": 0.8007997630331753, "_wandb": {"runtime": 23}}