{"epoch": 4, "evaluation_accuracy": 0.09524601063829788, "_timestamp": 1741096215.9085357, "_runtime": 13.24092960357666, "_step": 19, "evaluation_loss": 2.4117935369579255, "Training_Loss": 2.417115984380005, "Training_Accuracy": 0.10008145734597157, "_wandb": {"runtime": 12}}