{"_step":19,"evaluation_loss":0.4600059078781491,"_wandb":{"runtime":17},"Training_Loss":0.5287616426973529,"evaluation_accuracy":0.836436170212766,"_runtime":16.0751379,"Training_Accuracy":0.8174800059241706,"_timestamp":1.741450937775791e+09,"epoch":4}