{"epoch": 4, "evaluation_accuracy": 0.8653590425531915, "_timestamp": 1741454716.3822422, "_runtime": 32.568512201309204, "_step": 20, "evaluation_loss": 0.3504290881177745, "Training_Loss": 0.32131748961162865, "Training_Accuracy": 0.8795727191943128, "Confusion Matrix": {"_type": "html-file", "sha256": "f6359b6b1b9710871c9057f1a1d68f3ece0fde611900328d646bab635fa08e06", "size": 4672654, "path": "media/html/Confusion Matrix_20_f6359b6b1b9710871c90.html"}, "_wandb": {"runtime": 31}}