{"evaluation_accuracy":0.8778257978723404,"Training_Loss":0.2873590902575884,"_step":40,"_timestamp":1.7414506109155595e+09,"_runtime":21.2057274,"Confusion Matrix":{"_type":"html-file","sha256":"718f6048d8763f19e52c0c5c10e721f3859a329d6d613c89c451ef2ff74ab715","size":4672668,"path":"media/html/Confusion Matrix_40_718f6048d8763f19e52c.html"},"evaluation_loss":0.3373022808250406,"epoch":9,"Training_Accuracy":0.8944386848341233,"_wandb":{"runtime":21}}