{"evaluation_loss":0.33762201228400157,"Training_Loss":0.24732096657365316,"Training_Accuracy":0.9100081457345972,"evaluation_accuracy":0.8789893617021277,"Confusion Matrix":{"size":4672653,"path":"media/html/Confusion Matrix_80_d5e2d291a3fa10f3f1b6.html","_type":"html-file","sha256":"d5e2d291a3fa10f3f1b6a8b8cd6b7e5e793ab9e61fcda0076e86163bf74efb51"},"_wandb":{"runtime":35},"_runtime":35.7211242,"_step":80,"epoch":19,"_timestamp":1.7414507194062471e+09}