{"epoch": 4, "evaluation_accuracy": 0.1831781914893617, "_timestamp": 1741106096.9856448, "_runtime": 27.81133270263672, "_step": 19, "evaluation_loss": 2.262797500886386, "Training_Loss": 2.2671854926502735, "Training_Accuracy": 0.17850266587677724, "_wandb": {"runtime": 27}}