{"epoch": 4, "evaluation_accuracy": 0.8344414893617021, "_timestamp": 1741452699.5689192, "_runtime": 41.953617095947266, "_step": 20, "evaluation_loss": 0.45073898900603027, "Training_Loss": 0.4537163261599493, "Training_Accuracy": 0.8377702902843602, "Confusion Matrix": {"_type": "html-file", "sha256": "feaee95dfac7386055eb425a999b170f5e8eb35aead61d27f6f9807ca9633303", "size": 4672660, "path": "media/html/Confusion Matrix_20_feaee95dfac7386055eb.html"}, "_wandb": {"runtime": 41}}