{"_step":73,"epoch":66,"evaluation_accuracy":0.9717356687898089,"_timestamp":1.741050791529602e+09,"Training_Loss":7.251914828446539,"_wandb":{"runtime":298},"_runtime":295.0605145}