{"epoch": 4, "evaluation_accuracy": 0.8763297872340425, "_timestamp": 1741454112.0171783, "_runtime": 32.55473327636719, "_step": 20, "evaluation_loss": 0.3420314013071459, "Training_Loss": 0.312190964179576, "Training_Accuracy": 0.8840898992890995, "Confusion Matrix": {"_type": "html-file", "sha256": "df473e078b0a706adf709ab29388c7de71a55daa0bfd0beb2643aea5c91feba5", "size": 4672654, "path": "media/html/Confusion Matrix_20_df473e078b0a706adf70.html"}, "_wandb": {"runtime": 31}}