{"epoch": 4, "evaluation_accuracy": 0.8665226063829787, "_timestamp": 1741452560.7162914, "_runtime": 34.42816638946533, "_step": 20, "evaluation_loss": 0.37048054020868315, "Training_Loss": 0.37883485975391606, "Training_Accuracy": 0.8637625888625592, "Confusion Matrix": {"_type": "html-file", "sha256": "111ad9560d9388615f0a74742173d9a8fe6fca5c2d64e72c574cd7af13749b41", "size": 4672665, "path": "media/html/Confusion Matrix_20_111ad9560d9388615f0a.html"}, "_wandb": {"runtime": 33}}