{"epoch": 4, "evaluation_accuracy": 0.8470744680851063, "_timestamp": 1741102918.543076, "_runtime": 24.616419076919556, "_step": 19, "evaluation_loss": 0.5182482777396635, "Training_Loss": 0.5805258175604918, "Training_Accuracy": 0.8323089454976303, "_wandb": {"runtime": 23}}