{"epoch": 4, "evaluation_accuracy": 0.09042553191489362, "_timestamp": 1741095100.003975, "_runtime": 19.27451801300049, "_step": 19, "evaluation_loss": 18.84231334662541, "Training_Loss": 18.802957461771282, "Training_Accuracy": 0.09256516587677725, "_wandb": {"runtime": 18}}