{"epoch": 4, "evaluation_accuracy": 0.09607712765957446, "_timestamp": 1741099712.2662876, "_runtime": 20.52953863143921, "_step": 19, "evaluation_loss": NaN, "Training_Loss": NaN, "Training_Accuracy": 0.09895216232227488, "_wandb": {"runtime": 19}}