{"epoch": 4, "evaluation_accuracy": 0.8515625, "_timestamp": 1741452216.6387095, "_runtime": 30.2578444480896, "_step": 20, "evaluation_loss": 0.4024357232442518, "Training_Loss": 0.4019047695101105, "Training_Accuracy": 0.8553946978672986, "Confusion Matrix": {"_type": "html-file", "sha256": "47ec9ee9b00616a67f5105abd3e795353ed82ae0d24ca3e3a61f3c557134fed3", "size": 4672657, "path": "media/html/Confusion Matrix_20_47ec9ee9b00616a67f51.html"}, "_wandb": {"runtime": 29}}