{"epoch": 4, "evaluation_accuracy": 0.8573803191489362, "_timestamp": 1741455464.9178739, "_runtime": 34.408750772476196, "_step": 20, "evaluation_loss": 0.3892826636814336, "Training_Loss": 0.37635325779838175, "Training_Accuracy": 0.8649289099526066, "Confusion Matrix": {"_type": "html-file", "sha256": "bab0918f72b3846244b7ae72d2ef1c644127e6cdd57fc2b26b4c4ec43bc72ad6", "size": 4672669, "path": "media/html/Confusion Matrix_20_bab0918f72b3846244b7.html"}, "_wandb": {"runtime": 33}}