{"epoch": 4, "evaluation_accuracy": 0.8495678191489362, "_timestamp": 1741456726.6105072, "_runtime": 28.862091302871704, "_step": 20, "evaluation_loss": 0.4246466003646344, "Training_Loss": 0.42726576820314716, "Training_Accuracy": 0.8486559537914692, "Confusion Matrix": {"_type": "html-file", "sha256": "18cc7ab707152a646d5ca1d965fdd9a7ff837c15ccfce51471ae3419ccb23e2b", "size": 4672658, "path": "media/html/Confusion Matrix_20_18cc7ab707152a646d5c.html"}, "_wandb": {"runtime": 28}}