{"epoch": 4, "evaluation_accuracy": 0.5241023936170213, "_timestamp": 1741456862.019238, "_runtime": 43.110702991485596, "_step": 20, "evaluation_loss": 1.8998428641848308, "Training_Loss": 1.954146248376879, "Training_Accuracy": 0.5252147511848341, "Confusion Matrix": {"_type": "html-file", "sha256": "9ff52a05b5f17695cd6b5bd1174bf89a3a28c7709b2a6b113ddb5ed1a2ba951c", "size": 4672693, "path": "media/html/Confusion Matrix_20_9ff52a05b5f17695cd6b.html"}, "_wandb": {"runtime": 42}}