{"epoch": 4, "evaluation_accuracy": 0.8572140957446809, "_timestamp": 1741453113.1260917, "_runtime": 38.833043813705444, "_step": 20, "evaluation_loss": 0.38662078319644705, "Training_Loss": 0.37665291520732785, "Training_Accuracy": 0.8626518068720379, "Confusion Matrix": {"_type": "html-file", "sha256": "fce9616c68228a3ed76ecc20a8aa9678d7e8be175077bbf451352271f4c91806", "size": 4672655, "path": "media/html/Confusion Matrix_20_fce9616c68228a3ed76e.html"}, "_wandb": {"runtime": 38}}