{"epoch": 4, "evaluation_accuracy": 0.6640625, "_timestamp": 1741454595.6505203, "_runtime": 40.46374320983887, "_step": 20, "evaluation_loss": 6.861705838238333, "Training_Loss": 6.057757806760435, "Training_Accuracy": 0.7058464158767772, "Confusion Matrix": {"_type": "html-file", "sha256": "9c917fc09442ef66121193c1dcab509e770ed6442e817801e03815c94954ba74", "size": 4672672, "path": "media/html/Confusion Matrix_20_9c917fc09442ef661211.html"}, "_wandb": {"runtime": 39}}