{"epoch": 4, "evaluation_accuracy": 0.8306183510638298, "_timestamp": 1741452422.3351219, "_runtime": 28.02709197998047, "_step": 20, "evaluation_loss": 0.44859082895564606, "Training_Loss": 0.4222304686993214, "Training_Accuracy": 0.846249259478673, "Confusion Matrix": {"_type": "html-file", "sha256": "82e4447a06311572e24ac7694c43cadb7914aa9763ae160ec002c5a1df89e004", "size": 4672657, "path": "media/html/Confusion Matrix_20_82e4447a06311572e24a.html"}, "_wandb": {"runtime": 27}}