{"epoch": 4, "evaluation_accuracy": 0.1040558510638298, "_timestamp": 1741456918.7576191, "_runtime": 28.176900148391724, "_step": 20, "evaluation_loss": 18.562295850963743, "Training_Loss": 18.660632822652925, "Training_Accuracy": 0.09950755331753554, "Confusion Matrix": {"_type": "html-file", "sha256": "ebaea6935bd680538413a10beea4e1eea641f685ef6b9dddf049dcc634a62097", "size": 4672633, "path": "media/html/Confusion Matrix_20_ebaea6935bd680538413.html"}, "_wandb": {"runtime": 27}}