{"epoch": 4, "evaluation_accuracy": 0.8710106382978723, "_timestamp": 1741455722.266512, "_runtime": 35.46436381340027, "_step": 20, "evaluation_loss": 0.34591575082930015, "Training_Loss": 0.3046583183201252, "Training_Accuracy": 0.8865706457345972, "Confusion Matrix": {"_type": "html-file", "sha256": "730a95e93d7baf19e080ce17b1b4a3a76d0f2656170789afc069ef7a996159b4", "size": 4672651, "path": "media/html/Confusion Matrix_20_730a95e93d7baf19e080.html"}, "_wandb": {"runtime": 34}}