{"epoch": 4, "evaluation_accuracy": 0.21060505319148937, "_timestamp": 1741096568.3637865, "_runtime": 13.16124439239502, "_step": 19, "evaluation_loss": 2.286097579676718, "Training_Loss": 2.306421242077992, "Training_Accuracy": 0.18964751184834122, "_wandb": {"runtime": 12}}