{"epoch": 4, "evaluation_accuracy": 0.7741023936170213, "_timestamp": 1741457135.16811, "_runtime": 28.697317838668823, "_step": 20, "evaluation_loss": 0.5956997218965087, "Training_Loss": 0.6294493951519344, "Training_Accuracy": 0.7682353376777251, "Confusion Matrix": {"_type": "html-file", "sha256": "d227c22c0b4a0a6d481bab38a0bd94a75484ef12aa5c987364865e05dc687be7", "size": 4672674, "path": "media/html/Confusion Matrix_20_d227c22c0b4a0a6d481b.html"}, "_wandb": {"runtime": 27}}