{"_wandb":{"runtime":26},"epoch":4,"evaluation_accuracy":0.3231488853503185,"_timestamp":1.7410474169886093e+09,"_runtime":25.8818721,"_step":5,"Training_Loss":19134.374189089667}