{"epoch": 4, "evaluation_accuracy": 0.4948470744680851, "_timestamp": 1741454528.9984446, "_runtime": 22.341397523880005, "_step": 20, "evaluation_loss": 8.384744713558293, "Training_Loss": 8.837512974401646, "Training_Accuracy": 0.4895401362559242, "Confusion Matrix": {"_type": "html-file", "sha256": "97f966d34608ad8acecc2df1589b93a3dc4d07bed9ecb8f277665bc78196a57c", "size": 4672716, "path": "media/html/Confusion Matrix_20_97f966d34608ad8acecc.html"}, "_wandb": {"runtime": 21}}