{"evaluation_accuracy":0.912718949044586,"_timestamp":1.7410486984433477e+09,"_runtime":42.2641869,"_step":10,"Training_Loss":17489.14116217394,"_wandb":{"runtime":44},"epoch":9}