{"epoch": 4, "evaluation_accuracy": 0.883311170212766, "_timestamp": 1741455406.0941157, "_runtime": 35.48256778717041, "_step": 20, "evaluation_loss": 0.3114476540686192, "Training_Loss": 0.3115182995088949, "Training_Accuracy": 0.8859782286729858, "Confusion Matrix": {"_type": "html-file", "sha256": "e8c98d0935b5617788a79e2a2412a836533536897d3139e6f5164cc601814f75", "size": 4672656, "path": "media/html/Confusion Matrix_20_e8c98d0935b5617788a7.html"}, "_wandb": {"runtime": 34}}