{"_wandb":{"runtime":14},"Training_Loss":0.6762937580409634,"Training_Accuracy":0.7538136848341233,"Confusion Matrix":{"sha256":"248d91fc15adad0bbfe4dcc5089d297fae95e8363c8efbb4ab458ea931c2282e","size":4672670,"path":"media/html/Confusion Matrix_40_248d91fc15adad0bbfe4.html","_type":"html-file"},"_timestamp":1.7414514832371035e+09,"_runtime":14.9019423,"evaluation_loss":0.6822459235268895,"evaluation_accuracy":0.7483377659574468,"_step":40,"epoch":9}