{"epoch": 4, "evaluation_accuracy": 0.09640957446808511, "_timestamp": 1741093868.9835644, "_runtime": 15.372408390045166, "_step": 19, "evaluation_loss": 2.63346321878214, "Training_Loss": 2.6721497579390108, "Training_Accuracy": 0.09250962677725119, "_wandb": {"runtime": 14}}