{"epoch": 4, "evaluation_accuracy": 0.637466755319149, "_timestamp": 1741454414.533007, "_runtime": 29.449394941329956, "_step": 20, "evaluation_loss": 1.2081795566924487, "Training_Loss": 1.250974386903792, "Training_Accuracy": 0.6242224526066351, "Confusion Matrix": {"_type": "html-file", "sha256": "1987666c1f26ca7835d5db58e4cefd747a67546f3dc156cec4bf86477719253a", "size": 4672675, "path": "media/html/Confusion Matrix_20_1987666c1f26ca7835d5.html"}, "_wandb": {"runtime": 28}}