{"epoch": 0, "evaluation_accuracy": 0.07527955271565495, "_timestamp": 1740229455.1218402, "_runtime": 10.651986122131348, "_step": 0}