{"epoch": 4, "evaluation_accuracy": 0.8675199468085106, "_timestamp": 1741454775.4410262, "_runtime": 33.741051197052, "_step": 20, "evaluation_loss": 0.35298349462368966, "Training_Loss": 0.3121822868401305, "Training_Accuracy": 0.884219490521327, "Confusion Matrix": {"_type": "html-file", "sha256": "0b495743642e169d1111029d3116ba6e70153351855afa0aaea1f5d2768602af", "size": 4672654, "path": "media/html/Confusion Matrix_20_0b495743642e169d1111.html"}, "_wandb": {"runtime": 32}}