{"epoch": 4, "evaluation_accuracy": 0.9637632978723404, "_timestamp": 1741094067.532353, "_runtime": 40.95795702934265, "_step": 19, "evaluation_loss": 0.11298114986796973, "Training_Loss": 0.07549080289439673, "Training_Accuracy": 0.9764329087677726, "_wandb": {"runtime": 40}}