{"epoch": 4, "evaluation_accuracy": 0.8485704787234043, "_timestamp": 1741452749.9516892, "_runtime": 22.733201265335083, "_step": 20, "evaluation_loss": 0.42483148052046443, "Training_Loss": 0.4188852549842399, "Training_Accuracy": 0.8514329087677726, "Confusion Matrix": {"_type": "html-file", "sha256": "72d779d3513c7ad2ae30baaf243ada1f5cb6ee4f961d84dafb83f87b1a17c18c", "size": 4672654, "path": "media/html/Confusion Matrix_20_72d779d3513c7ad2ae30.html"}, "_wandb": {"runtime": 22}}