{"epoch": 4, "evaluation_accuracy": 0.8603723404255319, "_timestamp": 1741452496.793232, "_runtime": 45.89899492263794, "_step": 20, "evaluation_loss": 0.3832404712407677, "Training_Loss": 0.3903244529194119, "Training_Accuracy": 0.8566535841232228, "Confusion Matrix": {"_type": "html-file", "sha256": "ed811c122a1176fec8fc533d616018911c4179a095ec890a2cc658829d0ec097", "size": 4672656, "path": "media/html/Confusion Matrix_20_ed811c122a1176fec8fc.html"}, "_wandb": {"runtime": 45}}