{"evaluation_accuracy":0.8646941489361702,"_step":20,"_timestamp":1.7414505361385503e+09,"Confusion Matrix":{"size":4672650,"path":"media/html/Confusion Matrix_20_c0085e070f92ca30633b.html","_type":"html-file","sha256":"c0085e070f92ca30633be8780c526e20296d1ad1966f9e9aa3d5985f3a23bb4f"},"_runtime":12.6861922,"Training_Loss":0.3332693903784657,"epoch":4,"_wandb":{"runtime":12},"Training_Accuracy":0.8775177725118484,"evaluation_loss":0.3637425296466773}