{"_runtime":12.4662202,"_wandb":{"runtime":12},"Training_Loss":0.39159986940603936,"epoch":4,"evaluation_loss":0.4066345835374916,"_timestamp":1.7414505021795852e+09,"Training_Accuracy":0.8574311315165877,"evaluation_accuracy":0.8445811170212766,"Confusion Matrix":{"_type":"html-file","sha256":"82a4c33b3bfa17088837198cbbf9a7bac734366293a79b153a76a26475e8bab0","size":4672666,"path":"media/html/Confusion Matrix_20_82a4c33b3bfa17088837.html"},"_step":20}