{"epoch": 4, "evaluation_accuracy": 0.8553856382978723, "_timestamp": 1741453491.1124392, "_runtime": 33.944979190826416, "_step": 20, "evaluation_loss": 0.3923831911989891, "Training_Loss": 0.37863343169252694, "Training_Accuracy": 0.8636700236966824, "Confusion Matrix": {"_type": "html-file", "sha256": "5c9606d47cd6e83844537ad021440a6c6a900a601c329d4c886777cab08eb44a", "size": 4672660, "path": "media/html/Confusion Matrix_20_5c9606d47cd6e8384453.html"}, "_wandb": {"runtime": 33}}