{"epoch": 4, "evaluation_accuracy": 0.855219414893617, "_timestamp": 1741455587.9002175, "_runtime": 36.04835653305054, "_step": 20, "evaluation_loss": 0.3867350619630928, "Training_Loss": 0.33131180090484896, "Training_Accuracy": 0.8767587381516587, "Confusion Matrix": {"_type": "html-file", "sha256": "a3174f21fe123cc5643bb6527d6f3528466bb37699f0014ae31dec513744d973", "size": 4672665, "path": "media/html/Confusion Matrix_20_a3174f21fe123cc5643b.html"}, "_wandb": {"runtime": 35}}