{"epoch": 4, "evaluation_accuracy": 0.8638630319148937, "_timestamp": 1741453171.9848216, "_runtime": 34.74648451805115, "_step": 20, "evaluation_loss": 0.36378498049932206, "Training_Loss": 0.30710717504382, "Training_Accuracy": 0.887033471563981, "Confusion Matrix": {"_type": "html-file", "sha256": "4da1b409dc9f6787e6c152833652bb33c2032611716cf08a20743597abba6fe1", "size": 4672651, "path": "media/html/Confusion Matrix_20_4da1b409dc9f6787e6c1.html"}, "_wandb": {"runtime": 34}}