{"epoch": 4, "evaluation_accuracy": 0.871343085106383, "_timestamp": 1741455212.5466366, "_runtime": 34.006526470184326, "_step": 20, "evaluation_loss": 0.3540514731225814, "Training_Loss": 0.2891932828998314, "Training_Accuracy": 0.8921615817535545, "Confusion Matrix": {"_type": "html-file", "sha256": "6eaa2f198c53856f9343f8d48afe5e3cd6980278b73887dacc1121bae2fe8e29", "size": 4672653, "path": "media/html/Confusion Matrix_20_6eaa2f198c53856f9343.html"}, "_wandb": {"runtime": 33}}