{"epoch": 4, "evaluation_accuracy": 0.9220412234042553, "_timestamp": 1741105921.4408717, "_runtime": 25.701091766357422, "_step": 19, "evaluation_loss": 0.25902844266471575, "Training_Loss": 0.2797179025979828, "Training_Accuracy": 0.9193942535545023, "_wandb": {"runtime": 24}}