{"epoch": 4, "evaluation_accuracy": 0.8626994680851063, "_timestamp": 1741454656.0938141, "_runtime": 30.54143714904785, "_step": 20, "evaluation_loss": 0.37630135339647103, "Training_Loss": 0.3360535840098417, "Training_Accuracy": 0.875055539099526, "Confusion Matrix": {"_type": "html-file", "sha256": "a88d7bd75822472ac62b90fb151d2d5e7031d856c622a338d2eb01a5c6b29258", "size": 4672656, "path": "media/html/Confusion Matrix_20_a88d7bd75822472ac62b.html"}, "_wandb": {"runtime": 29}}