{"epoch": 4, "evaluation_accuracy": 0.8673537234042553, "_timestamp": 1741452288.6369827, "_runtime": 44.82519459724426, "_step": 20, "evaluation_loss": 0.3732373538079552, "Training_Loss": 0.3396796510658217, "Training_Accuracy": 0.8758515995260664, "Confusion Matrix": {"_type": "html-file", "sha256": "6bf398e30b4186219e47d853d02128b426c23293bbda0c6080457b2b0f73ed67", "size": 4672656, "path": "media/html/Confusion Matrix_20_6bf398e30b4186219e47.html"}, "_wandb": {"runtime": 44}}