{"epoch": 4, "evaluation_accuracy": 0.8736702127659575, "_timestamp": 1741455279.3287988, "_runtime": 36.580538749694824, "_step": 20, "evaluation_loss": 0.33084673644335594, "Training_Loss": 0.31014211622350957, "Training_Accuracy": 0.8856820201421801, "Confusion Matrix": {"_type": "html-file", "sha256": "90e51d5545ea23b01ea8caf5c0dd479959814996480fc4ad2234e7d41aa15066", "size": 4672654, "path": "media/html/Confusion Matrix_20_90e51d5545ea23b01ea8.html"}, "_wandb": {"runtime": 35}}