{"epoch": 4, "evaluation_accuracy": 0.8700132978723404, "_timestamp": 1741454843.4500575, "_runtime": 41.66811442375183, "_step": 20, "evaluation_loss": 0.35391522817140636, "Training_Loss": 0.34806305192921494, "Training_Accuracy": 0.8743335308056872, "Confusion Matrix": {"_type": "html-file", "sha256": "a06b7c37568933332d177f396b873774baa31f2cff2c24121bc9acd22489b389", "size": 4672652, "path": "media/html/Confusion Matrix_20_a06b7c37568933332d17.html"}, "_wandb": {"runtime": 40}}