{"epoch": 0, "evaluation_accuracy": 0.098, "_timestamp": 1740229340.8015883, "_runtime": 12.98189926147461, "_step": 0, "_wandb": {"runtime": 42}}